{
  "date_calcul": "2026-06-19 17:16",
  "type_demande": "Demande actuelle",
  "demande_est_personnalisee": false,
  "meilleur": [
    1153.6674248639858,
    4571.986504291606,
    728.5051221444717,
    3039.9705455362455,
    2430.958482128602
  ],
  "score_ref": -166.24205165273014,
  "score_final": -117.9013668772177,
  "individu_ref": [
    1470.096,
    2812.356,
    3870.864,
    2964.168,
    3448.44
  ],
  "puits_fiables": [
    "Pozzo_1",
    "Pozzo_3",
    "Pozzo_4",
    "Pozzo_7",
    "Pozzo_9"
  ],
  "puits_exclus": [
    "Pozzo_2",
    "Pozzo_5",
    "Pozzo_8"
  ],
  "pompage_exclus": {
    "Pozzo_2": 3875.328,
    "Pozzo_5": 7941.996,
    "Pozzo_8": 3901.932
  },
  "contraintes": {
    "Pozzo_1": {
      "vol_mean": 1579.8840783085354,
      "vol_max": 4171.28,
      "niv_min": -59.5,
      "seuil": -61.5
    },
    "Pozzo_3": {
      "vol_mean": 3080.757138606108,
      "vol_max": 5141.52,
      "niv_min": -117.8,
      "seuil": -119.8
    },
    "Pozzo_4": {
      "vol_mean": 3515.610620203602,
      "vol_max": 4076.1,
      "niv_min": -102.98,
      "seuil": -104.98
    },
    "Pozzo_7": {
      "vol_mean": 2450.2153093187158,
      "vol_max": 3427.42,
      "niv_min": -97.43,
      "seuil": -99.43
    },
    "Pozzo_9": {
      "vol_mean": 3177.203552075176,
      "vol_max": 4286.23,
      "niv_min": -105.94,
      "seuil": -107.94
    }
  },
  "horizon": 7,
  "tolerance": 5,
  "DEMANDE_AG": 12480.83782302271,
  "DEMANDE_TOTALE": 28200.09382302271,
  "total_exclus": 15719.256000000001,
  "simulation": {
    "Pozzo_1": {
      "niveaux_ref": [
        -49.56111566781997,
        -49.5917054927349,
        -49.47025142073631,
        -49.264013887643806,
        -49.01470691561698,
        -48.74914464116096,
        -48.48401194572448
      ],
      "niveaux_opt": [
        -49.56111566781997,
        -49.28225301265716,
        -48.76044058918952,
        -48.0786994934082,
        -47.318974246978755,
        -46.536486566066735,
        -45.76597860336303
      ]
    },
    "Pozzo_3": {
      "niveaux_ref": [
        -102.33015917181969,
        -103.31448563933372,
        -104.20780210494995,
        -104.97993875980377,
        -105.63378781676292,
        -106.21988332986831,
        -106.70376978397368
      ],
      "niveaux_opt": [
        -102.33015917181969,
        -103.4026184606552,
        -104.41908697366713,
        -105.3616372001171,
        -106.22051318287849,
        -107.02598394393921,
        -107.7313381409645
      ]
    },
    "Pozzo_4": {
      "niveaux_ref": [
        -101.50918019533158,
        -101.40984836101532,
        -101.32579877376557,
        -101.26937724590302,
        -101.23719220638276,
        -101.21958128452302,
        -101.20743510246277
      ],
      "niveaux_opt": [
        -101.50918019533158,
        -101.43688514232636,
        -101.38399191856385,
        -101.35591936588287,
        -101.3484175992012,
        -101.34921722888947,
        -101.34618485927582
      ]
    },
    "Pozzo_7": {
      "niveaux_ref": [
        -95.99034051626921,
        -95.99054908037186,
        -95.9984191286564,
        -96.023173481524,
        -96.0612210187316,
        -96.10502558231354,
        -96.14683783456684
      ],
      "niveaux_opt": [
        -95.99034051626921,
        -95.99248686462641,
        -96.00042528688908,
        -96.02519731998444,
        -96.06375445455313,
        -96.10848621308804,
        -96.15133800014854
      ]
    },
    "Pozzo_9": {
      "niveaux_ref": [
        -90.73601324319839,
        -90.77101361632347,
        -90.83911854028702,
        -90.90889315962791,
        -90.97623396754264,
        -91.03878109931945,
        -91.09553359508514
      ],
      "niveaux_opt": [
        -90.73601324319839,
        -90.47583869457245,
        -90.40970032453536,
        -90.3470835328102,
        -90.2857099032402,
        -90.22324636340142,
        -90.15870267033577
      ]
    }
  }
}