{
  "date_calcul": "2026-06-26 13:51",
  "type_demande": "Demande actuelle",
  "demande_est_personnalisee": false,
  "meilleur": [
    4160.376608140442,
    5051.061761068319,
    1091.7207872138385,
    4979.402910301227,
    3427.42,
    220.2759884194934
  ],
  "score_ref": -188.84570948388892,
  "score_final": -133.5012090074213,
  "individu_ref": [
    1470.096,
    2812.356,
    3870.864,
    7941.996,
    2964.168,
    3448.44
  ],
  "puits_fiables": [
    "Pozzo_1",
    "Pozzo_3",
    "Pozzo_4",
    "Pozzo_6",
    "Pozzo_7",
    "Pozzo_9"
  ],
  "puits_exclus": [
    "Pozzo_2",
    "Pozzo_5",
    "Pozzo_8"
  ],
  "pompage_exclus": {
    "Pozzo_2": 3875.328,
    "Pozzo_5": 7941.996,
    "Pozzo_8": 3901.932
  },
  "contraintes": {
    "Pozzo_1": {
      "vol_mean": 1579.8840783085354,
      "vol_max": 4171.28,
      "niv_min": -59.5,
      "seuil": -61.5
    },
    "Pozzo_3": {
      "vol_mean": 3080.757138606108,
      "vol_max": 5141.52,
      "niv_min": -117.8,
      "seuil": -119.8
    },
    "Pozzo_4": {
      "vol_mean": 3515.610620203602,
      "vol_max": 4076.1,
      "niv_min": -102.98,
      "seuil": -104.98
    },
    "Pozzo_6": {
      "vol_mean": 7323.979126076742,
      "vol_max": 8360.21,
      "niv_min": -99.48,
      "seuil": -101.48
    },
    "Pozzo_7": {
      "vol_mean": 2450.2153093187158,
      "vol_max": 3427.42,
      "niv_min": -97.43,
      "seuil": -99.43
    },
    "Pozzo_9": {
      "vol_mean": 3177.203552075176,
      "vol_max": 4286.23,
      "niv_min": -105.94,
      "seuil": -107.94
    }
  },
  "horizon": 7,
  "tolerance": 5,
  "DEMANDE_AG": 19804.816949099448,
  "DEMANDE_TOTALE": 35524.07294909945,
  "total_exclus": 15719.256000000001,
  "simulation": {
    "Pozzo_1": {
      "niveaux_ref": [
        -49.56111566781997,
        -49.59170589685439,
        -49.47025263309478,
        -49.26401590824127,
        -49.01470812797546,
        -48.74914585351944,
        -48.48401437044143
      ],
      "niveaux_opt": [
        -49.56111566781997,
        -50.33566644191741,
        -50.755286340713496,
        -50.89945839405059,
        -50.85372217059135,
        -50.69547180652618,
        -50.488526256084434
      ]
    },
    "Pozzo_3": {
      "niveaux_ref": [
        -102.33015917181969,
        -103.31449014902114,
        -104.20780661463736,
        -104.97994176626204,
        -105.63379232645035,
        -106.2198863363266,
        -106.70377429366111
      ],
      "niveaux_opt": [
        -102.33015917181969,
        -103.42921659708023,
        -104.48093433022498,
        -105.47023047327994,
        -106.38331365048884,
        -107.2446331322193,
        -108.0042614173889
      ]
    },
    "Pozzo_4": {
      "niveaux_ref": [
        -101.54171985387802,
        -101.50054568767548,
        -101.47041452646256,
        -101.44750131845474,
        -101.43084471940995,
        -101.4190443611145,
        -101.41066321611405
      ],
      "niveaux_opt": [
        -101.54171985387802,
        -101.5675697183609,
        -101.60573390960694,
        -101.65479202985763,
        -101.71864762306214,
        -101.79425095081329,
        -101.87671369552612
      ]
    },
    "Pozzo_6": {
      "niveaux_ref": [
        -97.91981984615326,
        -97.76562928795815,
        -97.50127254843711,
        -97.14941124677658,
        -96.72625780582428,
        -96.24723143339158,
        -95.72825394392014
      ],
      "niveaux_opt": [
        -97.91981984615326,
        -97.65038730859756,
        -97.22870286881924,
        -96.68687282800674,
        -96.06056295394897,
        -95.38939712524414,
        -94.7124619293213
      ]
    },
    "Pozzo_7": {
      "niveaux_ref": [
        -95.9903406727314,
        -95.99054923683406,
        -95.9984191286564,
        -96.023173481524,
        -96.0612211751938,
        -96.10502589523793,
        -96.14683814749122
      ],
      "niveaux_opt": [
        -95.9903406727314,
        -96.00293572276831,
        -96.01177364617587,
        -96.0370618480444,
        -96.07850602298976,
        -96.12808607548476,
        -96.17618036299945
      ]
    },
    "Pozzo_9": {
      "niveaux_ref": [
        -90.7360143148899,
        -90.77101147294044,
        -90.83912175536156,
        -90.90889530301094,
        -90.97623289585113,
        -91.03877788424492,
        -91.09553466677666
      ],
      "niveaux_opt": [
        -90.7360143148899,
        -90.62593444943428,
        -90.67758033514022,
        -90.69632207632064,
        -90.69019092917442,
        -90.66427099823952,
        -90.62311161398887
      ]
    }
  }
}